New Account,Status,Parent Group (if any),Industry,Activity,Confidence,Source,Contact Name,Designation,Email,Phone
AUTOPRO GLOBAL L.L.C- FZCO,NEW COMPANY,,Automotive Parts Trading,Importer & distributor of genuine Toyota/Nissan/Mitsubishi/Hyundai/Mazda/Isuzu spare parts (JAFZA),High,Web-verified,Hussain,,globalsales@autoproglobal.com,+971 55 155 1177
PADEL KINGDOM SPORTS & RECREATIONAL CLUB LLC,NEW COMPANY,Yateem family (contact via hr@yateemgroup.ae),Sports & Recreation,"Padel club operator - indoor courts, coaching, tournaments, proshop (Dubai/Abu Dhabi/Bahrain)",High,Web-verified,Ibrahim Khaleel,HR Department,hr@yateemgroup.ae,
TRUENORTH FOUNDATION,NEW COMPANY,,Unclassified,Searched - no public UAE record found; personal Gmail contact only,Low,Web-verified,Shabbir,,Shabbir.foxe@gmail.com,
ABDULWAHED BIN SHABIB FOR TRADING AND SERVICES LLC,NEW ENTITY of existing customer,Abdulwahed Bin Shabib Group (19 entities already in list),Trading & Distribution,General trading & services arm,Medium,Name-derived,Arfat Syed,,arfat.operations@awsdistribution.com,
ABDULWAHED BIN SHABIB FOR TRADING AND SERVICES LLC,NEW ENTITY of existing customer,Abdulwahed Bin Shabib Group (19 entities already in list),Trading & Distribution,General trading & services arm,Medium,Name-derived,Hussen Noel,,hussennoel@awsdistribution.com,
ABDULWAHED BIN SHABIB FOR TRADING AND SERVICES LLC,NEW ENTITY of existing customer,Abdulwahed Bin Shabib Group (19 entities already in list),Trading & Distribution,General trading & services arm,Medium,Name-derived,Support,,support@binshabibgroup.ae,
ABDULWAHED BIN SHABIB FOR TRADING AND SERVICES LLC,NEW ENTITY of existing customer,Abdulwahed Bin Shabib Group (19 entities already in list),Trading & Distribution,General trading & services arm,Medium,Name-derived,Idris Data,,idiris.data@awsdistribution.com,
AQUAPLEX TRADING CO. WLL,NEW ENTITY of existing customer,"Aquaplex (AQUAPLEX FZE, AQUAPLEX TRADING WLL)",Trading & Distribution,Trading entity,Medium,Name-derived,Prarthana Parulekar,Marketing Executive,prarthana@aquaplex.me,+971 52 692 1282
AQUAPLEX TRADING CO. WLL,NEW ENTITY of existing customer,"Aquaplex (AQUAPLEX FZE, AQUAPLEX TRADING WLL)",Trading & Distribution,Trading entity,Medium,Name-derived,Lakhan,FC,lakhan@aquaplex.me,+971 52 641 5142
AQUAPLEX TRADING CO. WLL,NEW ENTITY of existing customer,"Aquaplex (AQUAPLEX FZE, AQUAPLEX TRADING WLL)",Trading & Distribution,Trading entity,Medium,Name-derived,Haneesh KB,IT Support,haneesh@aquaplex.me,+971 52 641 5143
AQUAPLEX TRADING CO. WLL,NEW ENTITY of existing customer,"Aquaplex (AQUAPLEX FZE, AQUAPLEX TRADING WLL)",Trading & Distribution,Trading entity,Medium,Name-derived,Kader Maideen,IT Specialist,k.maideen@aquaplex.me,+971 52 692 1282
COOL LINE EXPRESS COMPANY FOR AUTO PARTS AND ACCESSORIES,NEW ENTITY of existing customer,Coolline Group (2 entities already in list),Automotive Parts Trading,Auto parts & accessories - Kuwait entity (accounts.kwt@coolline-group.com),High,Name-derived,Subair U,,Subair@coolline-group.com,+971 55 524 41 22
COOL LINE EXPRESS COMPANY FOR AUTO PARTS AND ACCESSORIES,NEW ENTITY of existing customer,Coolline Group (2 entities already in list),Automotive Parts Trading,Auto parts & accessories - Kuwait entity (accounts.kwt@coolline-group.com),High,Name-derived,Mukesh Pv,Accounts Dept,accounts@coolline-group.com,+971 555 460 680
COOL LINE EXPRESS COMPANY FOR AUTO PARTS AND ACCESSORIES,NEW ENTITY of existing customer,Coolline Group (2 entities already in list),Automotive Parts Trading,Auto parts & accessories - Kuwait entity (accounts.kwt@coolline-group.com),High,Name-derived,Vijayan,,vijayan@coolline-group.com,+971 56 683 3890
COOL LINE EXPRESS COMPANY FOR AUTO PARTS AND ACCESSORIES,NEW ENTITY of existing customer,Coolline Group (2 entities already in list),Automotive Parts Trading,Auto parts & accessories - Kuwait entity (accounts.kwt@coolline-group.com),High,Name-derived,Askar,,accounts.kwt@coolline-group.com,+96550182828
COOLLINE RADIATORS AND AC SPARE PARTS TRADING W.L.L,NEW ENTITY of existing customer,Coolline Group (2 entities already in list),Automotive Parts Trading,Radiators & AC spare parts - WLL entity,High,Name-derived,Subair U,,Subair@coolline-group.com,+971 55 524 41 22
COOLLINE RADIATORS AND AC SPARE PARTS TRADING W.L.L,NEW ENTITY of existing customer,Coolline Group (2 entities already in list),Automotive Parts Trading,Radiators & AC spare parts - WLL entity,High,Name-derived,Mukesh Pv,Accounts Dept,accounts@coolline-group.com,+971 555 460 680
COOLLINE RADIATORS AND AC SPARE PARTS TRADING W.L.L,NEW ENTITY of existing customer,Coolline Group (2 entities already in list),Automotive Parts Trading,Radiators & AC spare parts - WLL entity,High,Name-derived,Vijayan,,vijayan@coolline-group.com,+971 56 683 3890
COOLLINE RADIATORS AND AC SPARE PARTS TRADING W.L.L,NEW ENTITY of existing customer,Coolline Group (2 entities already in list),Automotive Parts Trading,Radiators & AC spare parts - WLL entity,High,Name-derived,Askar,,accounts.kwt@coolline-group.com,+96550182828
NEW REVIVE GREEN TECHNOLOGY WATER PURIFICATION LLC,NEW ENTITY of existing customer,MEF International (MEF TECHNICAL SERVICES L.L.C),Water Treatment,Water purification systems; all contacts on @meftinternational.net,High,Name-derived,Sreeja Rajeev,Procurement Officer,purchase@meftinternational.net,+971 524900 455
NEW REVIVE GREEN TECHNOLOGY WATER PURIFICATION LLC,NEW ENTITY of existing customer,MEF International (MEF TECHNICAL SERVICES L.L.C),Water Treatment,Water purification systems; all contacts on @meftinternational.net,High,Name-derived,Ashkan,,,+971 58 676 8941
NEW REVIVE GREEN TECHNOLOGY WATER PURIFICATION LLC,NEW ENTITY of existing customer,MEF International (MEF TECHNICAL SERVICES L.L.C),Water Treatment,Water purification systems; all contacts on @meftinternational.net,High,Name-derived,Shameer,,shameer@meftinternational.ne,
NEW REVIVE GREEN TECHNOLOGY WATER PURIFICATION LLC,NEW ENTITY of existing customer,MEF International (MEF TECHNICAL SERVICES L.L.C),Water Treatment,Water purification systems; all contacts on @meftinternational.net,High,Name-derived,Vipin,,vipin@meftinternational.net,
NEW REVIVE GREEN TECHNOLOGY WATER PURIFICATION LLC,NEW ENTITY of existing customer,MEF International (MEF TECHNICAL SERVICES L.L.C),Water Treatment,Water purification systems; all contacts on @meftinternational.net,High,Name-derived,A M Shameem,Director (Operations),amshameem@meftinternational.net,
NEW REVIVE GREEN TECHNOLOGY WATER PURIFICATION LLC,NEW ENTITY of existing customer,MEF International (MEF TECHNICAL SERVICES L.L.C),Water Treatment,Water purification systems; all contacts on @meftinternational.net,High,Name-derived,Jaimon Mathew,,finance@meftinternational.net,
NEW REVIVE GREEN TECHNOLOGY WATER PURIFICATION LLC,NEW ENTITY of existing customer,MEF International (MEF TECHNICAL SERVICES L.L.C),Water Treatment,Water purification systems; all contacts on @meftinternational.net,High,Name-derived,Javed,HR,javed@meftinternational.net,+971 52 546 0242
TEE DEE STEEL & METALS FZE,NEW ENTITY of existing customer,Tee Dee Group (5 entities already in list),Manufacturing - Metals,Steel & metals,Medium,Name-derived,Nebu M Mathew,,+971 50 657 5696,+971 50 657 5696
VTS MEA AIR SYSTEM SERVICES L.L.C,NEW ENTITY of existing customer,"VTS Group (VTS CLIMA WLL, VTS MEA AIR CONDITION TRADING CO LLC)",HVAC Services,Air handling / ventilation system service arm of VTS Group,High,Name-derived,CA Smitha Jacob,Regional Finance Manager,Smitha.Jacob@vtsgroup.com,+971 881 1945
WORLEYPARSONS ENGINEERING CONSULTANCIES CO.,NEW ENTITY of existing customer,Worley / WorleyParsons (6 entities already in list),Engineering Consultancy,Engineering consultancy entity,Medium,Name-derived,Mai,,Mai.Alzahrani@worley.com,
